{
  "type": "flow",
  "kind": "artifact",
  "metadata": {
    "trifactaVersion": "6.8.0+186.20191205223719.226ea1c",
    "exportedAt": "2020-02-12T21:14:19.526Z",
    "exportedBy": 1,
    "uuid": "a20f3170-4ddc-11ea-880b-650bdff890cc",
    "primaryFlowIds": [
      53
    ],
    "edition": "Enterprise",
    "lastMigration": "20191114200410"
  },
  "data": {
    "artifacts": [],
    "connections": [
      {
        "id": 5,
        "name": "PostgreSQL",
        "description": "",
        "type": "jdbc",
        "isGlobal": false,
        "credentialType": "basic",
        "credentialsShared": true,
        "uuid": "e75c2470-d728-11e9-8f1a-a3332515213f",
        "disableTypeInference": false,
        "vendor": "postgres"
      }
    ],
    "flows": [
      {
        "id": 53,
        "name": "SQL Flow",
        "description": "",
        "flownodes": [
          {
            "id": 309,
            "scriptId": 296,
            "flowNodeId": null,
            "wrangled": true,
            "referenceId": null
          },
          {
            "id": 308,
            "scriptId": 295,
            "flowNodeId": null,
            "wrangled": false,
            "referenceId": null
          }
        ],
        "flowedges": [
          {
            "id": 222,
            "inFlowNodeId": 308,
            "inPortId": null,
            "outFlowNodeId": 309,
            "outPortId": null
          }
        ],
        "references": [],
        "flowrunparameteroverrides": [],
        "recipes": [
          {
            "id": 296,
            "name": "SQL Dataset 1 – 2",
            "description": null,
            "active": true,
            "nextPortId": 1,
            "steps": [
              {
                "portId": null,
                "task": {
                  "annotations": {
                    "hidden": true
                  },
                  "kind": "task",
                  "type": "Load",
                  "parameters": {
                    "format": {
                      "annotations": {},
                      "kind": "func",
                      "type": "FormatBlob",
                      "parameters": {}
                    },
                    "location": {
                      "kind": "constant",
                      "type": "String",
                      "value": "portId://null"
                    },
                    "enableLineage": {
                      "kind": "constant",
                      "type": "Bool",
                      "value": true
                    },
                    "as": {
                      "kind": "array",
                      "type": "Array",
                      "value": [
                        {
                          "kind": "constant",
                          "type": "String",
                          "value": "column1"
                        }
                      ]
                    }
                  },
                  "outputName": "original_datasource_117"
                },
                "tableData": null,
                "columnMetadata": null,
                "id": 1264,
                "hash": "d33320d976e57e0b6ff3b578e3d37248cc87097f",
                "pbemappingartifacts": [],
                "targetmappingartifacts": []
              }
            ]
          },
          {
            "id": 295,
            "name": "SQL Dataset 1",
            "description": null,
            "active": true,
            "nextPortId": 1,
            "steps": [
              {
                "portId": null,
                "task": {
                  "annotations": {
                    "hidden": true
                  },
                  "kind": "task",
                  "type": "Load",
                  "parameters": {
                    "format": {
                      "annotations": {},
                      "kind": "func",
                      "type": "FormatRecords",
                      "parameters": {
                        "columnNames": {
                          "kind": "array",
                          "type": "Array",
                          "value": [
                            {
                              "kind": "constant",
                              "type": "String",
                              "value": "imsi"
                            },
                            {
                              "kind": "constant",
                              "type": "String",
                              "value": "contract_end"
                            },
                            {
                              "kind": "constant",
                              "type": "String",
                              "value": "contract_start"
                            },
                            {
                              "kind": "constant",
                              "type": "String",
                              "value": "subscriber_age"
                            },
                            {
                              "kind": "constant",
                              "type": "String",
                              "value": "status"
                            },
                            {
                              "kind": "constant",
                              "type": "String",
                              "value": "web_chat_id"
                            },
                            {
                              "kind": "constant",
                              "type": "String",
                              "value": "country"
                            },
                            {
                              "kind": "constant",
                              "type": "String",
                              "value": "gender"
                            },
                            {
                              "kind": "constant",
                              "type": "String",
                              "value": "first_name"
                            },
                            {
                              "kind": "constant",
                              "type": "String",
                              "value": "last_name"
                            },
                            {
                              "kind": "constant",
                              "type": "String",
                              "value": "ssn"
                            },
                            {
                              "kind": "constant",
                              "type": "String",
                              "value": "address"
                            },
                            {
                              "kind": "constant",
                              "type": "String",
                              "value": "city"
                            },
                            {
                              "kind": "constant",
                              "type": "String",
                              "value": "state"
                            },
                            {
                              "kind": "constant",
                              "type": "String",
                              "value": "zip"
                            },
                            {
                              "kind": "constant",
                              "type": "String",
                              "value": "phone"
                            },
                            {
                              "kind": "constant",
                              "type": "String",
                              "value": "email"
                            },
                            {
                              "kind": "constant",
                              "type": "String",
                              "value": "twitter"
                            },
                            {
                              "kind": "constant",
                              "type": "String",
                              "value": "occupation"
                            }
                          ]
                        },
                        "columnTypes": {
                          "kind": "array",
                          "type": "Array",
                          "value": [
                            {
                              "kind": "array",
                              "type": "Array",
                              "value": [
                                {
                                  "kind": "constant",
                                  "type": "String",
                                  "value": "Integer"
                                }
                              ]
                            },
                            {
                              "kind": "array",
                              "type": "Array",
                              "value": [
                                {
                                  "kind": "constant",
                                  "type": "String",
                                  "value": "String"
                                }
                              ]
                            },
                            {
                              "kind": "array",
                              "type": "Array",
                              "value": [
                                {
                                  "kind": "constant",
                                  "type": "String",
                                  "value": "String"
                                }
                              ]
                            },
                            {
                              "kind": "array",
                              "type": "Array",
                              "value": [
                                {
                                  "kind": "constant",
                                  "type": "String",
                                  "value": "Integer"
                                }
                              ]
                            },
                            {
                              "kind": "array",
                              "type": "Array",
                              "value": [
                                {
                                  "kind": "constant",
                                  "type": "String",
                                  "value": "String"
                                }
                              ]
                            },
                            {
                              "kind": "array",
                              "type": "Array",
                              "value": [
                                {
                                  "kind": "constant",
                                  "type": "String",
                                  "value": "String"
                                }
                              ]
                            },
                            {
                              "kind": "array",
                              "type": "Array",
                              "value": [
                                {
                                  "kind": "constant",
                                  "type": "String",
                                  "value": "String"
                                }
                              ]
                            },
                            {
                              "kind": "array",
                              "type": "Array",
                              "value": [
                                {
                                  "kind": "constant",
                                  "type": "String",
                                  "value": "String"
                                }
                              ]
                            },
                            {
                              "kind": "array",
                              "type": "Array",
                              "value": [
                                {
                                  "kind": "constant",
                                  "type": "String",
                                  "value": "String"
                                }
                              ]
                            },
                            {
                              "kind": "array",
                              "type": "Array",
                              "value": [
                                {
                                  "kind": "constant",
                                  "type": "String",
                                  "value": "String"
                                }
                              ]
                            },
                            {
                              "kind": "array",
                              "type": "Array",
                              "value": [
                                {
                                  "kind": "constant",
                                  "type": "String",
                                  "value": "String"
                                }
                              ]
                            },
                            {
                              "kind": "array",
                              "type": "Array",
                              "value": [
                                {
                                  "kind": "constant",
                                  "type": "String",
                                  "value": "String"
                                }
                              ]
                            },
                            {
                              "kind": "array",
                              "type": "Array",
                              "value": [
                                {
                                  "kind": "constant",
                                  "type": "String",
                                  "value": "String"
                                }
                              ]
                            },
                            {
                              "kind": "array",
                              "type": "Array",
                              "value": [
                                {
                                  "kind": "constant",
                                  "type": "String",
                                  "value": "String"
                                }
                              ]
                            },
                            {
                              "kind": "array",
                              "type": "Array",
                              "value": [
                                {
                                  "kind": "constant",
                                  "type": "String",
                                  "value": "String"
                                }
                              ]
                            },
                            {
                              "kind": "array",
                              "type": "Array",
                              "value": [
                                {
                                  "kind": "constant",
                                  "type": "String",
                                  "value": "String"
                                }
                              ]
                            },
                            {
                              "kind": "array",
                              "type": "Array",
                              "value": [
                                {
                                  "kind": "constant",
                                  "type": "String",
                                  "value": "String"
                                }
                              ]
                            },
                            {
                              "kind": "array",
                              "type": "Array",
                              "value": [
                                {
                                  "kind": "constant",
                                  "type": "String",
                                  "value": "String"
                                }
                              ]
                            },
                            {
                              "kind": "array",
                              "type": "Array",
                              "value": [
                                {
                                  "kind": "constant",
                                  "type": "String",
                                  "value": "String"
                                }
                              ]
                            }
                          ]
                        },
                        "inputTypes": {
                          "kind": "array",
                          "type": "Array",
                          "value": [
                            {
                              "kind": "constant",
                              "type": "String",
                              "value": "int8"
                            },
                            {
                              "kind": "constant",
                              "type": "String",
                              "value": "timestamp"
                            },
                            {
                              "kind": "constant",
                              "type": "String",
                              "value": "timestamp"
                            },
                            {
                              "kind": "constant",
                              "type": "String",
                              "value": "int8"
                            },
                            {
                              "kind": "constant",
                              "type": "String",
                              "value": "varchar"
                            },
                            {
                              "kind": "constant",
                              "type": "String",
                              "value": "varchar"
                            },
                            {
                              "kind": "constant",
                              "type": "String",
                              "value": "varchar"
                            },
                            {
                              "kind": "constant",
                              "type": "String",
                              "value": "varchar"
                            },
                            {
                              "kind": "constant",
                              "type": "String",
                              "value": "varchar"
                            },
                            {
                              "kind": "constant",
                              "type": "String",
                              "value": "varchar"
                            },
                            {
                              "kind": "constant",
                              "type": "String",
                              "value": "varchar"
                            },
                            {
                              "kind": "constant",
                              "type": "String",
                              "value": "varchar"
                            },
                            {
                              "kind": "constant",
                              "type": "String",
                              "value": "varchar"
                            },
                            {
                              "kind": "constant",
                              "type": "String",
                              "value": "varchar"
                            },
                            {
                              "kind": "constant",
                              "type": "String",
                              "value": "varchar"
                            },
                            {
                              "kind": "constant",
                              "type": "String",
                              "value": "varchar"
                            },
                            {
                              "kind": "constant",
                              "type": "String",
                              "value": "varchar"
                            },
                            {
                              "kind": "constant",
                              "type": "String",
                              "value": "varchar"
                            },
                            {
                              "kind": "constant",
                              "type": "String",
                              "value": "varchar"
                            }
                          ]
                        }
                      }
                    },
                    "location": {
                      "kind": "constant",
                      "type": "String",
                      "value": "id://117"
                    },
                    "as": {
                      "kind": "array",
                      "type": "Array",
                      "value": [
                        {
                          "kind": "constant",
                          "type": "String",
                          "value": "imsi"
                        },
                        {
                          "kind": "constant",
                          "type": "String",
                          "value": "contract_end"
                        },
                        {
                          "kind": "constant",
                          "type": "String",
                          "value": "contract_start"
                        },
                        {
                          "kind": "constant",
                          "type": "String",
                          "value": "subscriber_age"
                        },
                        {
                          "kind": "constant",
                          "type": "String",
                          "value": "status"
                        },
                        {
                          "kind": "constant",
                          "type": "String",
                          "value": "web_chat_id"
                        },
                        {
                          "kind": "constant",
                          "type": "String",
                          "value": "country"
                        },
                        {
                          "kind": "constant",
                          "type": "String",
                          "value": "gender"
                        },
                        {
                          "kind": "constant",
                          "type": "String",
                          "value": "first_name"
                        },
                        {
                          "kind": "constant",
                          "type": "String",
                          "value": "last_name"
                        },
                        {
                          "kind": "constant",
                          "type": "String",
                          "value": "ssn"
                        },
                        {
                          "kind": "constant",
                          "type": "String",
                          "value": "address"
                        },
                        {
                          "kind": "constant",
                          "type": "String",
                          "value": "city"
                        },
                        {
                          "kind": "constant",
                          "type": "String",
                          "value": "state"
                        },
                        {
                          "kind": "constant",
                          "type": "String",
                          "value": "zip"
                        },
                        {
                          "kind": "constant",
                          "type": "String",
                          "value": "phone"
                        },
                        {
                          "kind": "constant",
                          "type": "String",
                          "value": "email"
                        },
                        {
                          "kind": "constant",
                          "type": "String",
                          "value": "twitter"
                        },
                        {
                          "kind": "constant",
                          "type": "String",
                          "value": "occupation"
                        }
                      ]
                    }
                  },
                  "outputName": "original_datasource_117"
                },
                "tableData": null,
                "columnMetadata": null,
                "id": 1268,
                "hash": "f7d9b350273cc0331fa808d608608ef18f873482",
                "pbemappingartifacts": [],
                "targetmappingartifacts": []
              }
            ]
          }
        ],
        "outputobjects": [],
        "datasources": [
          {
            "path": "",
            "bucket": null,
            "container": null,
            "type": "jdbc",
            "blobHost": null,
            "isDynamicOrConverted": true,
            "id": 117,
            "dynamicPath": null,
            "cpProject": null,
            "connectionId": 5,
            "isSchematized": true,
            "isDynamic": true,
            "isConverted": false,
            "disableTypeInference": false,
            "hasStructuring": false,
            "parsingScriptId": 295,
            "relationalsource": {
              "relationalPath": null,
              "columns": null,
              "filter": null,
              "raw": [
                "select * from \"\""
              ],
              "id": 38,
              "tableName": null
            },
            "storageLocation": {
              "fullUri": "{\"protocol\":\"jdbc\"}",
              "id": 66,
              "path": "",
              "size": null,
              "type": "jdbc",
              "bucket": null,
              "blobHost": null,
              "container": null,
              "hash": "204a515bdceaf957427f7b45765b175b5dc94a82",
              "host": null,
              "userinfo": null
            },
            "runParameters": [
              {
                "id": 9,
                "type": "sql",
                "runParameterEdit": {
                  "value": {
                    "variable": {
                      "value": "Customers"
                    }
                  },
                  "insertionIndices": [
                    {
                      "index": 15,
                      "order": 0
                    }
                  ],
                  "id": 9,
                  "overrideKey": "tablename"
                }
              },
              {
                "id": 10,
                "type": "sql",
                "runParameterEdit": {
                  "value": {
                    "variable": {
                      "value": "Customers"
                    }
                  },
                  "insertionIndices": [
                    {
                      "index": 15,
                      "order": 0
                    }
                  ],
                  "id": 10,
                  "overrideKey": "tablename"
                }
              }
            ]
          }
        ],
        "webhookflowtasks": []
      }
    ]
  },
  "hash": "C9kv6dv0b8Zra1ZVfg0xfOju387tMzDZ"
}