{
  "type": "flow",
  "kind": "artifact",
  "metadata": {
    "trifactaVersion": "6.8.0+186.20191205223719.226ea1c",
    "exportedAt": "2020-02-12T13:05:03.647Z",
    "exportedBy": 1,
    "uuid": "489762f0-4d98-11ea-934f-29f0e9447986",
    "primaryFlowIds": [
      18
    ],
    "edition": "Enterprise",
    "lastMigration": "20191114200410"
  },
  "data": {
    "artifacts": [],
    "connections": [],
    "flows": [
      {
        "id": 18,
        "name": "Flow Parameters",
        "description": "",
        "flownodes": [
          {
            "id": 78,
            "scriptId": 75,
            "flowNodeId": null,
            "wrangled": true,
            "referenceId": null
          },
          {
            "id": 318,
            "scriptId": 305,
            "flowNodeId": null,
            "wrangled": false,
            "referenceId": null
          }
        ],
        "flowedges": [
          {
            "id": 227,
            "inFlowNodeId": 318,
            "inPortId": null,
            "outFlowNodeId": 78,
            "outPortId": null
          }
        ],
        "references": [],
        "flowrunparameteroverrides": [],
        "recipes": [
          {
            "id": 75,
            "name": "cleaning recipe",
            "description": null,
            "active": true,
            "nextPortId": 1,
            "steps": [
              {
                "portId": null,
                "task": {
                  "annotations": {
                    "hidden": true
                  },
                  "kind": "task",
                  "type": "Load",
                  "parameters": {
                    "format": {
                      "annotations": {},
                      "kind": "func",
                      "type": "FormatBlob",
                      "parameters": {}
                    },
                    "location": {
                      "kind": "constant",
                      "type": "String",
                      "value": "portId://null"
                    },
                    "enableLineage": {
                      "kind": "constant",
                      "type": "Bool",
                      "value": true
                    },
                    "as": {
                      "kind": "array",
                      "type": "Array",
                      "value": [
                        {
                          "kind": "constant",
                          "type": "String",
                          "value": "column1"
                        }
                      ]
                    }
                  },
                  "outputName": "original_datasource_41"
                },
                "tableData": null,
                "columnMetadata": {
                  "event_type": {
                    "id": "1kbq882"
                  },
                  "event_subtype_id": {
                    "id": "2wv5vtk"
                  },
                  "event_time": {
                    "id": "1kbpupb"
                  },
                  "advertiser_id": {
                    "id": "-1czhn24"
                  },
                  "creative_id": {
                    "id": "b627ni"
                  },
                  "user_id": {
                    "id": "-1fzmfdi"
                  },
                  "url": {
                    "id": "yjjuxe"
                  },
                  "device_type": {
                    "id": "-13zsjps"
                  },
                  "os_id": {
                    "id": "-t26hpv"
                  },
                  "browser_id": {
                    "id": "-afp1g1"
                  },
                  "ip_address": {
                    "id": "-x0eiqr"
                  },
                  "TRIFACTA__FILE_LINEAGE_INFO": {
                    "id": "-1mki8l2"
                  }
                },
                "id": 290,
                "hash": "da6f2bd4792118df174c388df83b5f86fb026ed4",
                "pbemappingartifacts": [],
                "targetmappingartifacts": []
              },
              {
                "portId": null,
                "task": {
                  "annotations": {},
                  "kind": "task",
                  "type": "Filter",
                  "parameters": {
                    "action": {
                      "kind": "enumerable",
                      "type": "Enumerable",
                      "value": "Delete"
                    },
                    "row": {
                      "annotations": {},
                      "kind": "func",
                      "type": "Equal",
                      "parameters": {
                        "lhs": {
                          "kind": "column",
                          "type": "Column",
                          "value": "event_time",
                          "relation": null
                        },
                        "rhs": {
                          "kind": "constant",
                          "type": "String",
                          "value": "Error: Timed out"
                        }
                      }
                    },
                    "type": {
                      "kind": "bundle",
                      "type": "Bundle",
                      "value": "custom"
                    },
                    "rowType": {
                      "kind": "bundle",
                      "type": "Bundle",
                      "value": "single"
                    }
                  },
                  "outputName": null
                },
                "tableData": null,
                "columnMetadata": {
                  "TRIFACTA__LINEAGE_INFO": {
                    "id": "bungtjv"
                  }
                },
                "id": 887,
                "hash": "6bea1218ba59b64b85beb7735ff7b228712fe8e3",
                "pbemappingartifacts": [],
                "targetmappingartifacts": []
              },
              {
                "portId": null,
                "task": {
                  "annotations": {
                    "outputColumnAnnotations": {
                      "event_time": {
                        "type": [
                          "Datetime",
                          "yy-mm-dd hh:mm:ss",
                          "yyyy*mm*dd*HH:MM:SS"
                        ],
                        "_likely_types": [
                          [
                            "Datetime",
                            "yy-mm-dd hh:mm:ss",
                            "yyyy*mm*dd*HH:MM:SS"
                          ],
                          [
                            "String"
                          ],
                          [
                            "Integer"
                          ],
                          [
                            "Phone"
                          ],
                          [
                            "SSN"
                          ]
                        ]
                      }
                    }
                  },
                  "kind": "task",
                  "type": "ConvertPattern",
                  "parameters": {
                    "col": {
                      "kind": "column",
                      "type": "Column",
                      "value": "event_time",
                      "relation": null
                    },
                    "cases": {
                      "kind": "array",
                      "type": "Array",
                      "value": [
                        {
                          "kind": "array",
                          "type": "Array",
                          "value": [
                            {
                              "kind": "constant",
                              "type": "Pattern",
                              "value": "({yyyy})-({mm})-({dd}) ({digit}):({MM}):({SS})"
                            },
                            {
                              "kind": "constant",
                              "type": "String",
                              "value": "$1-$2-$3 0$4:$5:$6"
                            }
                          ]
                        },
                        {
                          "kind": "array",
                          "type": "Array",
                          "value": [
                            {
                              "kind": "constant",
                              "type": "Pattern",
                              "value": "({yyyy})-({mm})-({dd}) ({H}):({MM}):({SS})"
                            },
                            {
                              "kind": "constant",
                              "type": "String",
                              "value": "$1-$2-$3 $4:$5:$6"
                            }
                          ]
                        },
                        {
                          "kind": "array",
                          "type": "Array",
                          "value": [
                            {
                              "kind": "constant",
                              "type": "Pattern",
                              "value": "({yyyy})-Jan-({dd}) ({HH}):({MM}):({SS})"
                            },
                            {
                              "kind": "constant",
                              "type": "String",
                              "value": "$1-01-$2 $3:$4:$5"
                            }
                          ]
                        },
                        {
                          "kind": "array",
                          "type": "Array",
                          "value": [
                            {
                              "kind": "constant",
                              "type": "Pattern",
                              "value": "({yyyy})-Feb-({dd}) ({HH}):({MM}):({SS})"
                            },
                            {
                              "kind": "constant",
                              "type": "String",
                              "value": "$1-02-$2 $3:$4:$5"
                            }
                          ]
                        },
                        {
                          "kind": "array",
                          "type": "Array",
                          "value": [
                            {
                              "kind": "constant",
                              "type": "Pattern",
                              "value": "({yyyy})-Mar-({dd}) ({HH}):({MM}):({SS})"
                            },
                            {
                              "kind": "constant",
                              "type": "String",
                              "value": "$1-03-$2 $3:$4:$5"
                            }
                          ]
                        },
                        {
                          "kind": "array",
                          "type": "Array",
                          "value": [
                            {
                              "kind": "constant",
                              "type": "Pattern",
                              "value": "({yyyy})-Apr-({dd}) ({HH}):({MM}):({SS})"
                            },
                            {
                              "kind": "constant",
                              "type": "String",
                              "value": "$1-04-$2 $3:$4:$5"
                            }
                          ]
                        },
                        {
                          "kind": "array",
                          "type": "Array",
                          "value": [
                            {
                              "kind": "constant",
                              "type": "Pattern",
                              "value": "({yyyy})-May-({dd}) ({HH}):({MM}):({SS})"
                            },
                            {
                              "kind": "constant",
                              "type": "String",
                              "value": "$1-05-$2 $3:$4:$5"
                            }
                          ]
                        },
                        {
                          "kind": "array",
                          "type": "Array",
                          "value": [
                            {
                              "kind": "constant",
                              "type": "Pattern",
                              "value": "({yyyy})-Jun-({dd}) ({HH}):({MM}):({SS})"
                            },
                            {
                              "kind": "constant",
                              "type": "String",
                              "value": "$1-06-$2 $3:$4:$5"
                            }
                          ]
                        },
                        {
                          "kind": "array",
                          "type": "Array",
                          "value": [
                            {
                              "kind": "constant",
                              "type": "Pattern",
                              "value": "({yyyy})-Jul-({dd}) ({HH}):({MM}):({SS})"
                            },
                            {
                              "kind": "constant",
                              "type": "String",
                              "value": "$1-07-$2 $3:$4:$5"
                            }
                          ]
                        },
                        {
                          "kind": "array",
                          "type": "Array",
                          "value": [
                            {
                              "kind": "constant",
                              "type": "Pattern",
                              "value": "({yyyy})-Aug-({dd}) ({HH}):({MM}):({SS})"
                            },
                            {
                              "kind": "constant",
                              "type": "String",
                              "value": "$1-08-$2 $3:$4:$5"
                            }
                          ]
                        },
                        {
                          "kind": "array",
                          "type": "Array",
                          "value": [
                            {
                              "kind": "constant",
                              "type": "Pattern",
                              "value": "({yyyy})-Sep-({dd}) ({HH}):({MM}):({SS})"
                            },
                            {
                              "kind": "constant",
                              "type": "String",
                              "value": "$1-09-$2 $3:$4:$5"
                            }
                          ]
                        },
                        {
                          "kind": "array",
                          "type": "Array",
                          "value": [
                            {
                              "kind": "constant",
                              "type": "Pattern",
                              "value": "({yyyy})-Oct-({dd}) ({HH}):({MM}):({SS})"
                            },
                            {
                              "kind": "constant",
                              "type": "String",
                              "value": "$1-10-$2 $3:$4:$5"
                            }
                          ]
                        },
                        {
                          "kind": "array",
                          "type": "Array",
                          "value": [
                            {
                              "kind": "constant",
                              "type": "Pattern",
                              "value": "({yyyy})-Nov-({dd}) ({HH}):({MM}):({SS})"
                            },
                            {
                              "kind": "constant",
                              "type": "String",
                              "value": "$1-11-$2 $3:$4:$5"
                            }
                          ]
                        },
                        {
                          "kind": "array",
                          "type": "Array",
                          "value": [
                            {
                              "kind": "constant",
                              "type": "Pattern",
                              "value": "({yyyy})-Dec-({dd}) ({HH}):({MM}):({SS})"
                            },
                            {
                              "kind": "constant",
                              "type": "String",
                              "value": "$1-12-$2 $3:$4:$5"
                            }
                          ]
                        }
                      ]
                    },
                    "after": {
                      "kind": "constant",
                      "type": "Pattern",
                      "value": "{start}"
                    },
                    "before": {
                      "kind": "constant",
                      "type": "Pattern",
                      "value": "{end}"
                    }
                  },
                  "outputName": null
                },
                "tableData": null,
                "columnMetadata": {},
                "id": 888,
                "hash": "d08fe0bb244b9606f16ee862f857a10cb2cc3a94",
                "pbemappingartifacts": [],
                "targetmappingartifacts": []
              }
            ]
          },
          {
            "id": 305,
            "name": "Dataset with Parameters",
            "description": null,
            "active": true,
            "nextPortId": 1,
            "steps": [
              {
                "portId": null,
                "task": {
                  "annotations": {
                    "hidden": true
                  },
                  "kind": "task",
                  "type": "Load",
                  "parameters": {
                    "format": {
                      "annotations": {},
                      "kind": "func",
                      "type": "FormatBlob",
                      "parameters": {}
                    },
                    "location": {
                      "kind": "constant",
                      "type": "String",
                      "value": "id://122"
                    },
                    "enableLineage": {
                      "kind": "constant",
                      "type": "Bool",
                      "value": true
                    },
                    "as": {
                      "kind": "array",
                      "type": "Array",
                      "value": [
                        {
                          "kind": "constant",
                          "type": "String",
                          "value": "column1"
                        }
                      ]
                    }
                  },
                  "outputName": "original_datasource_122"
                },
                "tableData": null,
                "columnMetadata": null,
                "id": 1275,
                "hash": "64d20dcdb232590fcb9c1b38b777ed6af71c7129",
                "pbemappingartifacts": [],
                "targetmappingartifacts": []
              },
              {
                "portId": null,
                "task": {
                  "annotations": {
                    "outputColumnAnnotations": {
                      "column1": {
                        "type": [
                          "String"
                        ],
                        "_likely_types": [
                          [
                            "String"
                          ],
                          [
                            "Integer"
                          ],
                          [
                            "Phone"
                          ],
                          [
                            "SSN"
                          ],
                          [
                            "Map"
                          ]
                        ]
                      }
                    }
                  },
                  "kind": "task",
                  "type": "SplitRows",
                  "parameters": {
                    "on": {
                      "kind": "constant",
                      "type": "String",
                      "value": "\n"
                    },
                    "col": {
                      "kind": "column",
                      "type": "Column",
                      "value": "column1",
                      "relation": null
                    },
                    "quote": {
                      "kind": "constant",
                      "type": "String",
                      "value": "\""
                    },
                    "quoteEscapeChar": {
                      "kind": "constant",
                      "type": "String",
                      "value": "\""
                    }
                  },
                  "outputName": null
                },
                "tableData": null,
                "columnMetadata": null,
                "id": 1276,
                "hash": "5e0dbcfc803cc40c01c0298ba18470aabb16ab81",
                "pbemappingartifacts": [],
                "targetmappingartifacts": []
              },
              {
                "portId": null,
                "task": {
                  "annotations": {
                    "outputColumnAnnotations": {
                      "column2": {
                        "type": [
                          "String"
                        ],
                        "_likely_types": [
                          [
                            "String"
                          ],
                          [
                            "Integer"
                          ],
                          [
                            "Phone"
                          ],
                          [
                            "SSN"
                          ],
                          [
                            "Map"
                          ]
                        ]
                      },
                      "column3": {
                        "type": [
                          "Integer"
                        ],
                        "_likely_types": [
                          [
                            "Integer"
                          ],
                          [
                            "Float"
                          ],
                          [
                            "String"
                          ],
                          [
                            "Phone"
                          ],
                          [
                            "SSN"
                          ]
                        ]
                      },
                      "column4": {
                        "type": [
                          "String"
                        ],
                        "_likely_types": [
                          [
                            "String"
                          ],
                          [
                            "Integer"
                          ],
                          [
                            "Phone"
                          ],
                          [
                            "SSN"
                          ],
                          [
                            "Map"
                          ]
                        ]
                      },
                      "column5": {
                        "type": [
                          "String"
                        ],
                        "_likely_types": [
                          [
                            "String"
                          ],
                          [
                            "Integer"
                          ],
                          [
                            "Phone"
                          ],
                          [
                            "SSN"
                          ],
                          [
                            "Map"
                          ]
                        ]
                      },
                      "column6": {
                        "type": [
                          "String"
                        ],
                        "_likely_types": [
                          [
                            "String"
                          ],
                          [
                            "Integer"
                          ],
                          [
                            "Phone"
                          ],
                          [
                            "SSN"
                          ],
                          [
                            "Map"
                          ]
                        ]
                      },
                      "column7": {
                        "type": [
                          "String"
                        ],
                        "_likely_types": [
                          [
                            "String"
                          ],
                          [
                            "Integer"
                          ],
                          [
                            "Phone"
                          ],
                          [
                            "SSN"
                          ],
                          [
                            "Map"
                          ]
                        ]
                      },
                      "column8": {
                        "type": [
                          "String"
                        ],
                        "_likely_types": [
                          [
                            "String"
                          ],
                          [
                            "Integer"
                          ],
                          [
                            "Phone"
                          ],
                          [
                            "SSN"
                          ],
                          [
                            "Map"
                          ]
                        ]
                      },
                      "column9": {
                        "type": [
                          "String"
                        ],
                        "_likely_types": [
                          [
                            "String"
                          ],
                          [
                            "Integer"
                          ],
                          [
                            "Phone"
                          ],
                          [
                            "SSN"
                          ],
                          [
                            "Map"
                          ]
                        ]
                      },
                      "column10": {
                        "type": [
                          "String"
                        ],
                        "_likely_types": [
                          [
                            "String"
                          ],
                          [
                            "Integer"
                          ],
                          [
                            "Phone"
                          ],
                          [
                            "SSN"
                          ],
                          [
                            "Map"
                          ]
                        ]
                      },
                      "column11": {
                        "type": [
                          "String"
                        ],
                        "_likely_types": [
                          [
                            "String"
                          ],
                          [
                            "Integer"
                          ],
                          [
                            "Phone"
                          ],
                          [
                            "SSN"
                          ],
                          [
                            "Map"
                          ]
                        ]
                      },
                      "column12": {
                        "type": [
                          "String"
                        ],
                        "_likely_types": [
                          [
                            "String"
                          ],
                          [
                            "Integer"
                          ],
                          [
                            "Phone"
                          ],
                          [
                            "SSN"
                          ],
                          [
                            "Map"
                          ]
                        ]
                      }
                    }
                  },
                  "kind": "task",
                  "type": "Split",
                  "parameters": {
                    "col": {
                      "kind": "column",
                      "type": "Column",
                      "value": "column1",
                      "relation": null
                    },
                    "type": {
                      "kind": "bundle",
                      "type": "Bundle",
                      "value": "on"
                    },
                    "on": {
                      "kind": "constant",
                      "type": "String",
                      "value": ","
                    },
                    "limit": {
                      "kind": "constant",
                      "type": "Integer",
                      "value": 10
                    },
                    "quote": {
                      "kind": "constant",
                      "type": "String",
                      "value": "\""
                    },
                    "as": {
                      "kind": "array",
                      "type": "Array",
                      "value": [
                        {
                          "kind": "constant",
                          "type": "String",
                          "value": "column2"
                        },
                        {
                          "kind": "constant",
                          "type": "String",
                          "value": "column3"
                        },
                        {
                          "kind": "constant",
                          "type": "String",
                          "value": "column4"
                        },
                        {
                          "kind": "constant",
                          "type": "String",
                          "value": "column5"
                        },
                        {
                          "kind": "constant",
                          "type": "String",
                          "value": "column6"
                        },
                        {
                          "kind": "constant",
                          "type": "String",
                          "value": "column7"
                        },
                        {
                          "kind": "constant",
                          "type": "String",
                          "value": "column8"
                        },
                        {
                          "kind": "constant",
                          "type": "String",
                          "value": "column9"
                        },
                        {
                          "kind": "constant",
                          "type": "String",
                          "value": "column10"
                        },
                        {
                          "kind": "constant",
                          "type": "String",
                          "value": "column11"
                        },
                        {
                          "kind": "constant",
                          "type": "String",
                          "value": "column12"
                        }
                      ]
                    }
                  },
                  "outputName": null
                },
                "tableData": null,
                "columnMetadata": null,
                "id": 1277,
                "hash": "e7b085a38547a3937111934c3dee39bd0c73464c",
                "pbemappingartifacts": [],
                "targetmappingartifacts": []
              },
              {
                "portId": null,
                "task": {
                  "annotations": {
                    "outputColumnAnnotations": {
                      "column2": {
                        "type": [
                          "String"
                        ],
                        "_likely_types": [
                          [
                            "String"
                          ],
                          [
                            "Integer"
                          ],
                          [
                            "Phone"
                          ],
                          [
                            "SSN"
                          ],
                          [
                            "Map"
                          ]
                        ]
                      },
                      "column3": {
                        "type": [
                          "Integer"
                        ],
                        "_likely_types": [
                          [
                            "Integer"
                          ],
                          [
                            "Float"
                          ],
                          [
                            "String"
                          ],
                          [
                            "Phone"
                          ],
                          [
                            "SSN"
                          ]
                        ]
                      },
                      "column4": {
                        "type": [
                          "String"
                        ],
                        "_likely_types": [
                          [
                            "String"
                          ],
                          [
                            "Integer"
                          ],
                          [
                            "Phone"
                          ],
                          [
                            "SSN"
                          ],
                          [
                            "Map"
                          ]
                        ]
                      },
                      "column5": {
                        "type": [
                          "String"
                        ],
                        "_likely_types": [
                          [
                            "String"
                          ],
                          [
                            "Integer"
                          ],
                          [
                            "Phone"
                          ],
                          [
                            "SSN"
                          ],
                          [
                            "Map"
                          ]
                        ]
                      },
                      "column6": {
                        "type": [
                          "String"
                        ],
                        "_likely_types": [
                          [
                            "String"
                          ],
                          [
                            "Integer"
                          ],
                          [
                            "Phone"
                          ],
                          [
                            "SSN"
                          ],
                          [
                            "Map"
                          ]
                        ]
                      },
                      "column7": {
                        "type": [
                          "String"
                        ],
                        "_likely_types": [
                          [
                            "String"
                          ],
                          [
                            "Integer"
                          ],
                          [
                            "Phone"
                          ],
                          [
                            "SSN"
                          ],
                          [
                            "Map"
                          ]
                        ]
                      },
                      "column8": {
                        "type": [
                          "String"
                        ],
                        "_likely_types": [
                          [
                            "String"
                          ],
                          [
                            "Integer"
                          ],
                          [
                            "Phone"
                          ],
                          [
                            "SSN"
                          ],
                          [
                            "Map"
                          ]
                        ]
                      },
                      "column9": {
                        "type": [
                          "String"
                        ],
                        "_likely_types": [
                          [
                            "String"
                          ],
                          [
                            "Integer"
                          ],
                          [
                            "Phone"
                          ],
                          [
                            "SSN"
                          ],
                          [
                            "Map"
                          ]
                        ]
                      },
                      "column10": {
                        "type": [
                          "String"
                        ],
                        "_likely_types": [
                          [
                            "String"
                          ],
                          [
                            "Integer"
                          ],
                          [
                            "Phone"
                          ],
                          [
                            "SSN"
                          ],
                          [
                            "Map"
                          ]
                        ]
                      },
                      "column11": {
                        "type": [
                          "String"
                        ],
                        "_likely_types": [
                          [
                            "String"
                          ],
                          [
                            "Integer"
                          ],
                          [
                            "Phone"
                          ],
                          [
                            "SSN"
                          ],
                          [
                            "Map"
                          ]
                        ]
                      },
                      "column12": {
                        "type": [
                          "String"
                        ],
                        "_likely_types": [
                          [
                            "String"
                          ],
                          [
                            "Integer"
                          ],
                          [
                            "Phone"
                          ],
                          [
                            "SSN"
                          ],
                          [
                            "Map"
                          ]
                        ]
                      }
                    }
                  },
                  "kind": "task",
                  "type": "Replace",
                  "parameters": {
                    "with": {
                      "kind": "constant",
                      "type": "String",
                      "value": "\""
                    },
                    "col": {
                      "kind": "array",
                      "type": "Array",
                      "value": [
                        {
                          "kind": "column",
                          "type": "Wildcard",
                          "value": "*",
                          "annotations": {
                            "includeLineage": false,
                            "includeFileLineage": false
                          },
                          "relation": null
                        }
                      ]
                    },
                    "type": {
                      "kind": "bundle",
                      "type": "Bundle",
                      "value": "on"
                    },
                    "on": {
                      "kind": "constant",
                      "type": "String",
                      "value": "\"\""
                    },
                    "global": {
                      "kind": "constant",
                      "type": "Bool",
                      "value": true
                    }
                  },
                  "outputName": null
                },
                "tableData": null,
                "columnMetadata": null,
                "id": 1279,
                "hash": "320094b7b7b8d966e843edde4b4a61af41a2a241",
                "pbemappingartifacts": [],
                "targetmappingartifacts": []
              },
              {
                "portId": null,
                "task": {
                  "annotations": {
                    "outputColumnAnnotations": {
                      "column2": {
                        "type": [
                          "String"
                        ],
                        "_likely_types": [
                          [
                            "String"
                          ],
                          [
                            "Integer"
                          ],
                          [
                            "Phone"
                          ],
                          [
                            "SSN"
                          ],
                          [
                            "Map"
                          ]
                        ]
                      },
                      "column3": {
                        "type": [
                          "Integer"
                        ],
                        "_likely_types": [
                          [
                            "Integer"
                          ],
                          [
                            "Float"
                          ],
                          [
                            "String"
                          ],
                          [
                            "Phone"
                          ],
                          [
                            "SSN"
                          ]
                        ]
                      },
                      "column4": {
                        "type": [
                          "Datetime",
                          "yy-mm-dd hh:mm:ss",
                          "yyyy*mm*dd*HH:MM:SS"
                        ],
                        "_likely_types": [
                          [
                            "Datetime",
                            "yy-mm-dd hh:mm:ss",
                            "yyyy*mm*dd*HH:MM:SS"
                          ],
                          [
                            "String"
                          ],
                          [
                            "Integer"
                          ],
                          [
                            "Phone"
                          ],
                          [
                            "SSN"
                          ]
                        ]
                      },
                      "column5": {
                        "type": [
                          "Integer"
                        ],
                        "_likely_types": [
                          [
                            "Integer"
                          ],
                          [
                            "Float"
                          ],
                          [
                            "String"
                          ],
                          [
                            "Phone"
                          ],
                          [
                            "SSN"
                          ]
                        ]
                      },
                      "column6": {
                        "type": [
                          "Integer"
                        ],
                        "_likely_types": [
                          [
                            "Integer"
                          ],
                          [
                            "Float"
                          ],
                          [
                            "String"
                          ],
                          [
                            "Phone"
                          ],
                          [
                            "SSN"
                          ]
                        ]
                      },
                      "column7": {
                        "type": [
                          "String"
                        ],
                        "_likely_types": [
                          [
                            "String"
                          ],
                          [
                            "Integer"
                          ],
                          [
                            "Phone"
                          ],
                          [
                            "SSN"
                          ],
                          [
                            "Map"
                          ]
                        ]
                      },
                      "column8": {
                        "type": [
                          "Url"
                        ],
                        "_likely_types": [
                          [
                            "Url"
                          ],
                          [
                            "String"
                          ],
                          [
                            "Integer"
                          ],
                          [
                            "Phone"
                          ],
                          [
                            "SSN"
                          ]
                        ]
                      },
                      "column9": {
                        "type": [
                          "String"
                        ],
                        "_likely_types": [
                          [
                            "String"
                          ],
                          [
                            "Integer"
                          ],
                          [
                            "Phone"
                          ],
                          [
                            "SSN"
                          ],
                          [
                            "Map"
                          ]
                        ]
                      },
                      "column10": {
                        "type": [
                          "String"
                        ],
                        "_likely_types": [
                          [
                            "String"
                          ],
                          [
                            "Integer"
                          ],
                          [
                            "Phone"
                          ],
                          [
                            "SSN"
                          ],
                          [
                            "Map"
                          ]
                        ]
                      },
                      "column11": {
                        "type": [
                          "String"
                        ],
                        "_likely_types": [
                          [
                            "String"
                          ],
                          [
                            "Float"
                          ],
                          [
                            "Integer"
                          ],
                          [
                            "Phone"
                          ],
                          [
                            "SSN"
                          ]
                        ]
                      },
                      "column12": {
                        "type": [
                          "Ipaddress"
                        ],
                        "_likely_types": [
                          [
                            "Ipaddress"
                          ],
                          [
                            "Url"
                          ],
                          [
                            "String"
                          ],
                          [
                            "Integer"
                          ],
                          [
                            "Phone"
                          ]
                        ]
                      }
                    }
                  },
                  "kind": "task",
                  "type": "Replace",
                  "parameters": {
                    "with": {
                      "kind": "constant",
                      "type": "String",
                      "value": ""
                    },
                    "col": {
                      "kind": "array",
                      "type": "Array",
                      "value": [
                        {
                          "kind": "column",
                          "type": "Wildcard",
                          "value": "*",
                          "annotations": {
                            "includeLineage": false,
                            "includeFileLineage": false
                          },
                          "relation": null
                        }
                      ]
                    },
                    "type": {
                      "kind": "bundle",
                      "type": "Bundle",
                      "value": "on"
                    },
                    "on": {
                      "kind": "constant",
                      "type": "Pattern",
                      "value": "{start}\"|\"{end}"
                    },
                    "global": {
                      "kind": "constant",
                      "type": "Bool",
                      "value": true
                    }
                  },
                  "outputName": null
                },
                "tableData": null,
                "columnMetadata": null,
                "id": 1278,
                "hash": "a9422f873470f7c38c13939e13608615bb1ed511",
                "pbemappingartifacts": [],
                "targetmappingartifacts": []
              },
              {
                "portId": null,
                "task": {
                  "annotations": {
                    "outputColumnAnnotations": {
                      "event_type": {
                        "type": [
                          "String"
                        ],
                        "_likely_types": [
                          [
                            "String"
                          ],
                          [
                            "Integer"
                          ],
                          [
                            "Phone"
                          ],
                          [
                            "SSN"
                          ],
                          [
                            "Map"
                          ]
                        ]
                      },
                      "event_subtype_id": {
                        "type": [
                          "Integer"
                        ],
                        "_likely_types": [
                          [
                            "Integer"
                          ],
                          [
                            "Float"
                          ],
                          [
                            "String"
                          ],
                          [
                            "Phone"
                          ],
                          [
                            "SSN"
                          ]
                        ]
                      },
                      "event_time": {
                        "type": [
                          "Datetime",
                          "yy-mm-dd hh:mm:ss",
                          "yyyy*mm*dd*HH:MM:SS"
                        ],
                        "_likely_types": [
                          [
                            "Datetime",
                            "yy-mm-dd hh:mm:ss",
                            "yyyy*mm*dd*HH:MM:SS"
                          ],
                          [
                            "String"
                          ],
                          [
                            "Integer"
                          ],
                          [
                            "Phone"
                          ],
                          [
                            "SSN"
                          ]
                        ]
                      },
                      "advertiser_id": {
                        "type": [
                          "Integer"
                        ],
                        "_likely_types": [
                          [
                            "Integer"
                          ],
                          [
                            "Float"
                          ],
                          [
                            "String"
                          ],
                          [
                            "Phone"
                          ],
                          [
                            "SSN"
                          ]
                        ]
                      },
                      "creative_id": {
                        "type": [
                          "Integer"
                        ],
                        "_likely_types": [
                          [
                            "Integer"
                          ],
                          [
                            "Float"
                          ],
                          [
                            "String"
                          ],
                          [
                            "Phone"
                          ],
                          [
                            "SSN"
                          ]
                        ]
                      },
                      "user_id": {
                        "type": [
                          "String"
                        ],
                        "_likely_types": [
                          [
                            "String"
                          ],
                          [
                            "Integer"
                          ],
                          [
                            "Phone"
                          ],
                          [
                            "SSN"
                          ],
                          [
                            "Map"
                          ]
                        ]
                      },
                      "url": {
                        "type": [
                          "Url"
                        ],
                        "_likely_types": [
                          [
                            "Url"
                          ],
                          [
                            "String"
                          ],
                          [
                            "Integer"
                          ],
                          [
                            "Phone"
                          ],
                          [
                            "SSN"
                          ]
                        ]
                      },
                      "device_type": {
                        "type": [
                          "String"
                        ],
                        "_likely_types": [
                          [
                            "String"
                          ],
                          [
                            "Integer"
                          ],
                          [
                            "Phone"
                          ],
                          [
                            "SSN"
                          ],
                          [
                            "Map"
                          ]
                        ]
                      },
                      "os_id": {
                        "type": [
                          "String"
                        ],
                        "_likely_types": [
                          [
                            "String"
                          ],
                          [
                            "Integer"
                          ],
                          [
                            "Phone"
                          ],
                          [
                            "SSN"
                          ],
                          [
                            "Map"
                          ]
                        ]
                      },
                      "browser_id": {
                        "type": [
                          "String"
                        ],
                        "_likely_types": [
                          [
                            "String"
                          ],
                          [
                            "Float"
                          ],
                          [
                            "Integer"
                          ],
                          [
                            "Phone"
                          ],
                          [
                            "SSN"
                          ]
                        ]
                      },
                      "ip_address": {
                        "type": [
                          "Ipaddress"
                        ],
                        "_likely_types": [
                          [
                            "Ipaddress"
                          ],
                          [
                            "Url"
                          ],
                          [
                            "String"
                          ],
                          [
                            "Integer"
                          ],
                          [
                            "Phone"
                          ]
                        ]
                      }
                    }
                  },
                  "kind": "task",
                  "type": "Header",
                  "parameters": {
                    "sanitize": {
                      "kind": "constant",
                      "type": "Bool",
                      "value": false
                    },
                    "as": {
                      "kind": "array",
                      "type": "Array",
                      "value": [
                        {
                          "kind": "constant",
                          "type": "String",
                          "value": "event_type"
                        },
                        {
                          "kind": "constant",
                          "type": "String",
                          "value": "event_subtype_id"
                        },
                        {
                          "kind": "constant",
                          "type": "String",
                          "value": "event_time"
                        },
                        {
                          "kind": "constant",
                          "type": "String",
                          "value": "advertiser_id"
                        },
                        {
                          "kind": "constant",
                          "type": "String",
                          "value": "creative_id"
                        },
                        {
                          "kind": "constant",
                          "type": "String",
                          "value": "user_id"
                        },
                        {
                          "kind": "constant",
                          "type": "String",
                          "value": "url"
                        },
                        {
                          "kind": "constant",
                          "type": "String",
                          "value": "device_type"
                        },
                        {
                          "kind": "constant",
                          "type": "String",
                          "value": "os_id"
                        },
                        {
                          "kind": "constant",
                          "type": "String",
                          "value": "browser_id"
                        },
                        {
                          "kind": "constant",
                          "type": "String",
                          "value": "ip_address"
                        }
                      ]
                    }
                  },
                  "outputName": null
                },
                "tableData": {
                  "column2": "event_type",
                  "column3": "event_subtype_id",
                  "column4": "event_time",
                  "column5": "advertiser_id",
                  "column6": "creative_id",
                  "column7": "user_id",
                  "column8": "url",
                  "column9": "device_type",
                  "column10": "os_id",
                  "column11": "browser_id",
                  "column12": "ip_address"
                },
                "columnMetadata": null,
                "id": 1280,
                "hash": "2825cd2d14a991939566f58a8f4d59e5debaf03f",
                "pbemappingartifacts": [],
                "targetmappingartifacts": []
              }
            ]
          }
        ],
        "outputobjects": [
          {
            "id": 19,
            "execution": "databricksSpark",
            "profiler": false,
            "flowNodeId": 78,
            "isAdhoc": true,
            "publications": [],
            "writesettings": [
              {
                "delim": ",",
                "id": 126,
                "path": "adl://victoradls1.azuredatalakestore.net:443/trifacta/queryResults/admin@trifacta.local/.csv",
                "action": "create",
                "format": "csv",
                "compression": "none",
                "header": true,
                "asSingleFile": true,
                "prefix": null,
                "suffix": "_increment",
                "hasQuotes": true,
                "connectionId": null,
                "runParameters": [
                  {
                    "id": 18,
                    "type": "path",
                    "runParameterEdit": {
                      "value": {
                        "variable": {
                          "value": "output1.csv"
                        }
                      },
                      "insertionIndices": [
                        {
                          "index": 44,
                          "order": 0
                        }
                      ],
                      "id": 18,
                      "overrideKey": "outputfile"
                    }
                  }
                ]
              }
            ]
          }
        ],
        "datasources": [
          {
            "path": "/data/Advertising_Clickstream.csv",
            "bucket": null,
            "container": null,
            "type": "adl",
            "blobHost": null,
            "isDynamicOrConverted": true,
            "id": 122,
            "dynamicPath": "/data/",
            "cpProject": null,
            "connectionId": null,
            "isSchematized": true,
            "isDynamic": true,
            "isConverted": false,
            "disableTypeInference": false,
            "hasStructuring": true,
            "parsingScriptId": 305,
            "storageLocation": {
              "fullUri": "adl://victoradls1.azuredatalakestore.net/data/Advertising_Clickstream.csv",
              "id": 404,
              "path": "/data/Advertising_Clickstream.csv",
              "size": "6061282",
              "type": "adl",
              "bucket": null,
              "blobHost": null,
              "container": null,
              "hash": "07ca06f3d00d92a9fa93cf36b74259e15e0af920",
              "host": "victoradls1.azuredatalakestore.net",
              "userinfo": null
            },
            "runParameters": [
              {
                "id": 17,
                "type": "path",
                "runParameterEdit": {
                  "value": {
                    "variable": {
                      "value": "Advertising_Clickstream.csv"
                    }
                  },
                  "insertionIndices": [
                    {
                      "index": 6,
                      "order": 0
                    }
                  ],
                  "id": 17,
                  "overrideKey": "filename"
                }
              }
            ]
          }
        ],
        "webhookflowtasks": []
      }
    ]
  },
  "hash": "d+jNq1FFCBt9NqQfWMHuHr8FvEupJq2f"
}