{
  "type": "flow",
  "kind": "artifact",
  "metadata": {
    "trifactaVersion": "6.8.0+186.20191205223719.226ea1c",
    "exportedAt": "2020-02-18T13:34:02.027Z",
    "exportedBy": 1,
    "uuid": "53399fb0-5253-11ea-8fec-9d890937dbb6",
    "primaryFlowIds": [
      63
    ],
    "edition": "Enterprise",
    "lastMigration": "20191114200410"
  },
  "data": {
    "artifacts": [],
    "connections": [
      {
        "id": 5,
        "name": "PostgreSQL",
        "description": "",
        "type": "jdbc",
        "isGlobal": false,
        "credentialType": "basic",
        "credentialsShared": true,
        "uuid": "e75c2470-d728-11e9-8f1a-a3332515213f",
        "disableTypeInference": false,
        "vendor": "postgres"
      }
    ],
    "flows": [
      {
        "id": 63,
        "name": "SQL test2",
        "description": "",
        "flownodes": [
          {
            "id": 337,
            "scriptId": 323,
            "flowNodeId": null,
            "wrangled": true,
            "referenceId": null
          },
          {
            "id": 336,
            "scriptId": 222,
            "flowNodeId": null,
            "wrangled": false,
            "referenceId": null
          }
        ],
        "flowedges": [
          {
            "id": 238,
            "inFlowNodeId": 336,
            "inPortId": null,
            "outFlowNodeId": 337,
            "outPortId": null
          }
        ],
        "references": [],
        "flowrunparameteroverrides": [],
        "recipes": [
          {
            "id": 323,
            "name": "Customers – 2",
            "description": null,
            "active": true,
            "nextPortId": 1,
            "steps": [
              {
                "portId": null,
                "task": {
                  "annotations": {
                    "hidden": true
                  },
                  "kind": "task",
                  "type": "Load",
                  "parameters": {
                    "format": {
                      "annotations": {},
                      "kind": "func",
                      "type": "FormatBlob",
                      "parameters": {}
                    },
                    "location": {
                      "kind": "constant",
                      "type": "String",
                      "value": "portId://null"
                    },
                    "enableLineage": {
                      "kind": "constant",
                      "type": "Bool",
                      "value": true
                    },
                    "as": {
                      "kind": "array",
                      "type": "Array",
                      "value": [
                        {
                          "kind": "constant",
                          "type": "String",
                          "value": "column1"
                        }
                      ]
                    }
                  },
                  "outputName": "original_datasource_80"
                },
                "tableData": null,
                "columnMetadata": null,
                "id": 1351,
                "hash": "e300c7a384616df3da57d2ec005c3b2da8c4a043",
                "pbemappingartifacts": [],
                "targetmappingartifacts": []
              }
            ]
          },
          {
            "id": 222,
            "name": "Customers",
            "description": null,
            "active": true,
            "nextPortId": 1,
            "steps": [
              {
                "portId": null,
                "task": {
                  "annotations": {
                    "hidden": true
                  },
                  "kind": "task",
                  "type": "Load",
                  "parameters": {
                    "format": {
                      "annotations": {},
                      "kind": "func",
                      "type": "FormatRecords",
                      "parameters": {
                        "columnNames": {
                          "kind": "array",
                          "type": "Array",
                          "value": [
                            {
                              "kind": "constant",
                              "type": "String",
                              "value": "imsi"
                            },
                            {
                              "kind": "constant",
                              "type": "String",
                              "value": "contract_end"
                            },
                            {
                              "kind": "constant",
                              "type": "String",
                              "value": "contract_start"
                            },
                            {
                              "kind": "constant",
                              "type": "String",
                              "value": "subscriber_age"
                            },
                            {
                              "kind": "constant",
                              "type": "String",
                              "value": "status"
                            },
                            {
                              "kind": "constant",
                              "type": "String",
                              "value": "web_chat_id"
                            },
                            {
                              "kind": "constant",
                              "type": "String",
                              "value": "country"
                            },
                            {
                              "kind": "constant",
                              "type": "String",
                              "value": "gender"
                            },
                            {
                              "kind": "constant",
                              "type": "String",
                              "value": "first_name"
                            },
                            {
                              "kind": "constant",
                              "type": "String",
                              "value": "last_name"
                            },
                            {
                              "kind": "constant",
                              "type": "String",
                              "value": "ssn"
                            },
                            {
                              "kind": "constant",
                              "type": "String",
                              "value": "address"
                            },
                            {
                              "kind": "constant",
                              "type": "String",
                              "value": "city"
                            },
                            {
                              "kind": "constant",
                              "type": "String",
                              "value": "state"
                            },
                            {
                              "kind": "constant",
                              "type": "String",
                              "value": "zip"
                            },
                            {
                              "kind": "constant",
                              "type": "String",
                              "value": "phone"
                            },
                            {
                              "kind": "constant",
                              "type": "String",
                              "value": "email"
                            },
                            {
                              "kind": "constant",
                              "type": "String",
                              "value": "twitter"
                            },
                            {
                              "kind": "constant",
                              "type": "String",
                              "value": "occupation"
                            }
                          ]
                        },
                        "columnTypes": {
                          "kind": "array",
                          "type": "Array",
                          "value": [
                            {
                              "kind": "array",
                              "type": "Array",
                              "value": [
                                {
                                  "kind": "constant",
                                  "type": "String",
                                  "value": "Integer"
                                }
                              ]
                            },
                            {
                              "kind": "array",
                              "type": "Array",
                              "value": [
                                {
                                  "kind": "constant",
                                  "type": "String",
                                  "value": "String"
                                }
                              ]
                            },
                            {
                              "kind": "array",
                              "type": "Array",
                              "value": [
                                {
                                  "kind": "constant",
                                  "type": "String",
                                  "value": "String"
                                }
                              ]
                            },
                            {
                              "kind": "array",
                              "type": "Array",
                              "value": [
                                {
                                  "kind": "constant",
                                  "type": "String",
                                  "value": "Integer"
                                }
                              ]
                            },
                            {
                              "kind": "array",
                              "type": "Array",
                              "value": [
                                {
                                  "kind": "constant",
                                  "type": "String",
                                  "value": "String"
                                }
                              ]
                            },
                            {
                              "kind": "array",
                              "type": "Array",
                              "value": [
                                {
                                  "kind": "constant",
                                  "type": "String",
                                  "value": "String"
                                }
                              ]
                            },
                            {
                              "kind": "array",
                              "type": "Array",
                              "value": [
                                {
                                  "kind": "constant",
                                  "type": "String",
                                  "value": "String"
                                }
                              ]
                            },
                            {
                              "kind": "array",
                              "type": "Array",
                              "value": [
                                {
                                  "kind": "constant",
                                  "type": "String",
                                  "value": "String"
                                }
                              ]
                            },
                            {
                              "kind": "array",
                              "type": "Array",
                              "value": [
                                {
                                  "kind": "constant",
                                  "type": "String",
                                  "value": "String"
                                }
                              ]
                            },
                            {
                              "kind": "array",
                              "type": "Array",
                              "value": [
                                {
                                  "kind": "constant",
                                  "type": "String",
                                  "value": "String"
                                }
                              ]
                            },
                            {
                              "kind": "array",
                              "type": "Array",
                              "value": [
                                {
                                  "kind": "constant",
                                  "type": "String",
                                  "value": "String"
                                }
                              ]
                            },
                            {
                              "kind": "array",
                              "type": "Array",
                              "value": [
                                {
                                  "kind": "constant",
                                  "type": "String",
                                  "value": "String"
                                }
                              ]
                            },
                            {
                              "kind": "array",
                              "type": "Array",
                              "value": [
                                {
                                  "kind": "constant",
                                  "type": "String",
                                  "value": "String"
                                }
                              ]
                            },
                            {
                              "kind": "array",
                              "type": "Array",
                              "value": [
                                {
                                  "kind": "constant",
                                  "type": "String",
                                  "value": "String"
                                }
                              ]
                            },
                            {
                              "kind": "array",
                              "type": "Array",
                              "value": [
                                {
                                  "kind": "constant",
                                  "type": "String",
                                  "value": "String"
                                }
                              ]
                            },
                            {
                              "kind": "array",
                              "type": "Array",
                              "value": [
                                {
                                  "kind": "constant",
                                  "type": "String",
                                  "value": "String"
                                }
                              ]
                            },
                            {
                              "kind": "array",
                              "type": "Array",
                              "value": [
                                {
                                  "kind": "constant",
                                  "type": "String",
                                  "value": "String"
                                }
                              ]
                            },
                            {
                              "kind": "array",
                              "type": "Array",
                              "value": [
                                {
                                  "kind": "constant",
                                  "type": "String",
                                  "value": "String"
                                }
                              ]
                            },
                            {
                              "kind": "array",
                              "type": "Array",
                              "value": [
                                {
                                  "kind": "constant",
                                  "type": "String",
                                  "value": "String"
                                }
                              ]
                            }
                          ]
                        },
                        "inputTypes": {
                          "kind": "array",
                          "type": "Array",
                          "value": [
                            {
                              "kind": "constant",
                              "type": "String",
                              "value": "int8"
                            },
                            {
                              "kind": "constant",
                              "type": "String",
                              "value": "timestamp"
                            },
                            {
                              "kind": "constant",
                              "type": "String",
                              "value": "timestamp"
                            },
                            {
                              "kind": "constant",
                              "type": "String",
                              "value": "int8"
                            },
                            {
                              "kind": "constant",
                              "type": "String",
                              "value": "varchar"
                            },
                            {
                              "kind": "constant",
                              "type": "String",
                              "value": "varchar"
                            },
                            {
                              "kind": "constant",
                              "type": "String",
                              "value": "varchar"
                            },
                            {
                              "kind": "constant",
                              "type": "String",
                              "value": "varchar"
                            },
                            {
                              "kind": "constant",
                              "type": "String",
                              "value": "varchar"
                            },
                            {
                              "kind": "constant",
                              "type": "String",
                              "value": "varchar"
                            },
                            {
                              "kind": "constant",
                              "type": "String",
                              "value": "varchar"
                            },
                            {
                              "kind": "constant",
                              "type": "String",
                              "value": "varchar"
                            },
                            {
                              "kind": "constant",
                              "type": "String",
                              "value": "varchar"
                            },
                            {
                              "kind": "constant",
                              "type": "String",
                              "value": "varchar"
                            },
                            {
                              "kind": "constant",
                              "type": "String",
                              "value": "varchar"
                            },
                            {
                              "kind": "constant",
                              "type": "String",
                              "value": "varchar"
                            },
                            {
                              "kind": "constant",
                              "type": "String",
                              "value": "varchar"
                            },
                            {
                              "kind": "constant",
                              "type": "String",
                              "value": "varchar"
                            },
                            {
                              "kind": "constant",
                              "type": "String",
                              "value": "varchar"
                            }
                          ]
                        }
                      }
                    },
                    "location": {
                      "kind": "constant",
                      "type": "String",
                      "value": "id://80"
                    },
                    "as": {
                      "kind": "array",
                      "type": "Array",
                      "value": [
                        {
                          "kind": "constant",
                          "type": "String",
                          "value": "imsi"
                        },
                        {
                          "kind": "constant",
                          "type": "String",
                          "value": "contract_end"
                        },
                        {
                          "kind": "constant",
                          "type": "String",
                          "value": "contract_start"
                        },
                        {
                          "kind": "constant",
                          "type": "String",
                          "value": "subscriber_age"
                        },
                        {
                          "kind": "constant",
                          "type": "String",
                          "value": "status"
                        },
                        {
                          "kind": "constant",
                          "type": "String",
                          "value": "web_chat_id"
                        },
                        {
                          "kind": "constant",
                          "type": "String",
                          "value": "country"
                        },
                        {
                          "kind": "constant",
                          "type": "String",
                          "value": "gender"
                        },
                        {
                          "kind": "constant",
                          "type": "String",
                          "value": "first_name"
                        },
                        {
                          "kind": "constant",
                          "type": "String",
                          "value": "last_name"
                        },
                        {
                          "kind": "constant",
                          "type": "String",
                          "value": "ssn"
                        },
                        {
                          "kind": "constant",
                          "type": "String",
                          "value": "address"
                        },
                        {
                          "kind": "constant",
                          "type": "String",
                          "value": "city"
                        },
                        {
                          "kind": "constant",
                          "type": "String",
                          "value": "state"
                        },
                        {
                          "kind": "constant",
                          "type": "String",
                          "value": "zip"
                        },
                        {
                          "kind": "constant",
                          "type": "String",
                          "value": "phone"
                        },
                        {
                          "kind": "constant",
                          "type": "String",
                          "value": "email"
                        },
                        {
                          "kind": "constant",
                          "type": "String",
                          "value": "twitter"
                        },
                        {
                          "kind": "constant",
                          "type": "String",
                          "value": "occupation"
                        }
                      ]
                    }
                  },
                  "outputName": "original_datasource_80"
                },
                "tableData": null,
                "columnMetadata": null,
                "id": 994,
                "hash": "4816184707098acdefc9771a3cf8548427bcd6b0",
                "pbemappingartifacts": [],
                "targetmappingartifacts": []
              }
            ]
          }
        ],
        "outputobjects": [
          {
            "id": 86,
            "execution": "databricksSpark",
            "profiler": true,
            "flowNodeId": 337,
            "isAdhoc": true,
            "publications": [],
            "writesettings": [
              {
                "delim": ",",
                "id": 135,
                "path": "adl://victoradls1.azuredatalakestore.net:443/home/trifacta/queryResults/Customers___2.csv",
                "action": "create",
                "format": "csv",
                "compression": "none",
                "header": true,
                "asSingleFile": true,
                "prefix": null,
                "suffix": "_increment",
                "hasQuotes": true,
                "connectionId": null,
                "runParameters": []
              }
            ]
          }
        ],
        "datasources": [
          {
            "path": "",
            "bucket": null,
            "container": null,
            "type": "jdbc",
            "blobHost": null,
            "isDynamicOrConverted": false,
            "id": 80,
            "dynamicPath": null,
            "cpProject": null,
            "connectionId": 5,
            "isSchematized": true,
            "isDynamic": false,
            "isConverted": false,
            "disableTypeInference": false,
            "hasStructuring": false,
            "parsingScriptId": 222,
            "relationalsource": {
              "relationalPath": [
                "public"
              ],
              "columns": [
                "imsi",
                "contract_end",
                "contract_start",
                "subscriber_age",
                "status",
                "web_chat_id",
                "country",
                "gender",
                "first_name",
                "last_name",
                "ssn",
                "address",
                "city",
                "state",
                "zip",
                "phone",
                "email",
                "twitter",
                "occupation"
              ],
              "filter": null,
              "raw": null,
              "id": 20,
              "tableName": "Customers"
            },
            "storageLocation": {
              "fullUri": "{\"protocol\":\"jdbc\"}",
              "id": 66,
              "path": "",
              "size": null,
              "type": "jdbc",
              "bucket": null,
              "blobHost": null,
              "container": null,
              "hash": "204a515bdceaf957427f7b45765b175b5dc94a82",
              "host": null,
              "userinfo": null
            },
            "runParameters": []
          }
        ],
        "webhookflowtasks": []
      }
    ]
  },
  "hash": "/cwG7zaNJvjihvmvUUUApIguORZFveer"
}